Company,Gründer,Link
&effect data solutions GmbH,,https://www.linkedin.com/company/and-effect/
&effect data solutions GmbH,Johannes Müller,https://www.linkedin.com/in/johannes-j-müller-757511101/
&effect data solutions GmbH,Jan Kamb,https://www.linkedin.com/in/jan-kamb-4937bbb6/
&effect data solutions GmbH,Jan Peter Dix,https://www.linkedin.com/in/jan-dix-30550314a/
1000°DIGITAL GmbH,,https://www.linkedin.com/company/1000digital/
1000°DIGITAL GmbH,Patrick Andreas Theis,https://www.linkedin.com/company/1000digital/
1000°DIGITAL GmbH,Philipp Päuser,
1648 Factory,,https://www.linkedin.com/company/1648factory/about/
1648 Factory,Klaus Karl Freiberg,
1648 Factory,Sebastian Hanhues,
L21s,,https://www.linkedin.com/company/l21s/
L21s,Tobias Larscheid,
L21s,Jan Schmitz-Hermes,
FÜNF PROZENT,,https://www.linkedin.com/company/5-prozent/
FÜNF PROZENT,Sally Köhler,
FÜNF PROZENT,Sarina Hötzel,
FÜNF PROZENT,Matthias Schöttler,
Abcalis GmbH,,https://www.linkedin.com/company/abcalis/
Abcalis GmbH,Pascal Milfeit,
Abcalis GmbH,Laila Al-Halabi-Frenzel,https://www.linkedin.com/in/laila-al-halabi-frenzel-749a59199/
academa.de,,https://www.linkedin.com/company/academa-gmbh/
academa.de,Luis Hesemann,https://www.linkedin.com/in/luishesemann/
academa.de,Malte Brettel,https://www.linkedin.com/in/maltebrettel/
academa.de,Andrea Sarah Greven,
academa.de,Patrick Neubert,https://www.linkedin.com/in/patrickneubert-4/
Silberdraht,,https://www.linkedin.com/company/silberdrahttelefon/
Silberdraht,Susanne Steigler,https://www.linkedin.com/in/susannesteigler/
Silberdraht,Niklas Droste,
Silberdraht,Theresa Henze,https://linkedin.com/in/theresahenze/
Silberdraht,Daniel Puscher,https://www.linkedin.com/in/puscher/
Accu:rate,,https://www.linkedin.com/company/accu-rate/
Accu:rate,Florian Kai Daniel Sesser,
Accu:rate,Angelika Brigitte Hildegard Kneidl,https://www.linkedin.com/in/angelika-kneidl/
AdaLab,,https://www.linkedin.com/products/adamatics-adalab/
AdaLab,Angelie Kraft,https://www.linkedin.com/in/angelie-kraft/
AdaLab,Anton Orell Wiehe,https://www.linkedin.com/in/antonwiehe/
AdaLab,Anton Volkov,
AdaLab,Florian Woeste,https://www.linkedin.com/in/florian-woeste-1a6aabb4/
LiquidDemocracy e.V.,,https://www.linkedin.com/company/liquid-democracy/
LiquidDemocracy e.V.,Moritz Ritter,https://www.linkedin.com/in/moritz-ritter-365a7b96/
admi,,https://www.linkedin.com/company/admi-kommunal-gmbh/
admi,Paul Johann Fritz Thiekötter,https://www.linkedin.com/in/paul-thiekoetter/
admi,Freddi Lange,https://www.linkedin.com/in/freddi-lange/
AGVOLUTION,,https://www.linkedin.com/company/agvolution/
AGVOLUTION,Lukas Kamm,https://www.linkedin.com/in/lukas-kamm-004725202/
AGVOLUTION,Sebastian Jerratsch,https://www.linkedin.com/in/sebastian-jerratsch/
AGVOLUTION,Thomas Meier,https://www.linkedin.com/in/thomas-maier-8b0211150/
AGVOLUTION,Andreas Walter Heckmann,https://www.linkedin.com/in/ahclimatesmartagvolution/
aible solutions,,https://www.linkedin.com/company/aible-ai-and-machine-learning-solutions/
aible solutions,Richard Bredow,https://www.linkedin.com/in/richard-bredow-3b0719160/
aible solutions,Max von Braun,https://www.linkedin.com/in/max-von-braun-b69ba348/
aiconix GmbH,,https://www.linkedin.com/company/aiconix/
aiconix GmbH,Eugen Lukas Gross,https://www.linkedin.com/in/eugenlgross/
Aivot,,https://www.linkedin.com/company/aivot-digital/
Aivot,Jan-Philipp Schroeder,https://www.linkedin.com/in/jan-philipp-schroeder/
LangTec,,https://www.linkedin.com/company/langtec/
LangTec,Christian Lang,
Aleph Alpha,,https://www.linkedin.com/company/aleph-alpha/
Aleph Alpha,Samuel Weinbach,https://www.linkedin.com/in/samuel-weinbach/
Aleph Alpha,Raphael Martin,
Amberscript,,https://www.linkedin.com/company/amberscript/
Ankaadia,,https://www.linkedin.com/company/ankaadia/
Ankaadia,Stefan Manfred Reininger,https://www.linkedin.com/in/stefan-reininger/
Ankaadia,Jan Henning Wilmans,
Anymate Me GmbH,,https://www.linkedin.com/company/anymateme/
Anymate Me GmbH,Siu Kuen Kay Law,
Anymate Me GmbH,Julia Leduc,https://www.linkedin.com/in/julialeduc/
Appdafuer,,https://www.linkedin.com/company/appdafuer/
Appdafuer,Daniel Leberle,https://www.linkedin.com/in/daniel-leberle-5971a889/
Appdafuer,Michael Kugler,https://www.linkedin.com/in/michael-kugler-604b503a/
Arbosys,,https://www.linkedin.com/company/arbosys/about/
Arthur,,https://www.linkedin.com/company/arthur-technologies/
Arthur,Christoph Fleischmann,https://www.linkedin.com/in/cfleischmann/
OroraTech,,https://www.linkedin.com/company/ororatech/
OroraTech,Björn Stoffers,https://www.linkedin.com/in/bjoern-stoffers/
OroraTech,Thomas Grübler,https://www.linkedin.com/in/tgrue/
OroraTech,Rupert Amann,https://www.linkedin.com/in/rupert-amann/
OroraTech,Florian Mauracher,https://www.linkedin.com/in/florian-mauracher/
AUTHADA GmbH,,https://www.linkedin.com/company/authada-gmbh/
AUTHADA GmbH,Michael Massoth,https://www.linkedin.com/in/michael-massoth-54206a152/
AUTHADA GmbH,Robin Acker,https://www.linkedin.com/in/robin-acker-397176164/
AUTHADA GmbH,Andreas Plies,https://www.linkedin.com/in/andreas-plies-996a60105/
AUTHADA GmbH,Torsten Wiens,
AUXOLAR GmbH,,https://www.linkedin.com/company/auxolargmbh/
AUXOLAR GmbH,Uwe Lebt,
AUXOLAR GmbH,Florian Herrmann,
BABLE Smart Cities,,https://www.linkedin.com/company/bable/
BABLE Smart Cities,Alexander Schmidt,https://www.linkedin.com/in/alexander-schmidt-224702164/
BABLE Smart Cities,Alanus von Radecki,https://www.linkedin.com/in/vonradecki/
bamero AG,,https://www.linkedin.com/company/bamero/
bamero AG,Frank Eugen Müller,https://www.linkedin.com/in/frankemueller/details/experience/
bamero AG,Florian Kurz,https://www.linkedin.com/in/floriankurz1/
bamero AG,Christian Bartsch,https://www.linkedin.com/in/christianbartsch/
bamero AG,Fabian Johannes Meisinger,https://www.linkedin.com/in/fabian-meisinger-b51054129/
basebox,,https://www.linkedin.com/company/basebox/
basebox,Rene Alexander Herzer,https://www.linkedin.com/in/reneherzer/
basebox,Markus Thielen,https://www.linkedin.com/in/markus-thielen-94507b3a/
Berlin Governance Platform,,https://www.linkedin.com/company/governanceplatform/
Berlin Governance Platform,Jermyn Paul Brooks,
Berlin Governance Platform,Sven Biermann,https://www.linkedin.com/in/sven-biermann/
Berlin Governance Platform,Daphne Büllesbach,https://www.linkedin.com/in/daphne-b%C3%BCllesbach-a3a6b31a3/
Better Mobility GmbH,,https://www.linkedin.com/company/better-mobility-gmbh/
Better Mobility GmbH,Jörg Röhlen,https://www.linkedin.com/in/joerg-roehlen-905abb18/
Better@Home Service GmbH,,https://www.linkedin.com/company/better-at-home-service-gmbh/
Better@Home Service GmbH,Arno Stefan Elmer,https://www.linkedin.com/in/prof-dr-arno-elmer-68b22024/
Bitfactory Solutions GmbH,,https://www.linkedin.com/company/bitfactory-gmbh/
Bitfactory Solutions GmbH,Andreas Michael Gawelczyk,https://www.linkedin.com/in/andreas-gawelczyk/
bitkasten GmbH,,https://www.linkedin.com/company/bitkasten/
bitkasten GmbH,Christian Gericke,https://www.linkedin.com/in/christiangericke/
bitkasten GmbH,Antje Borchert,
bitkasten GmbH,Michael Mews,
Bitteiler,,https://www.linkedin.com/company/bitteiler/
Bitteiler,Máté Tömösközi,https://www.linkedin.com/in/tomoskozi/
Bitteiler,Maroua Taghouti,https://www.linkedin.com/in/marouataghouti/
Breeze Technologies,,https://www.linkedin.com/company/breeze-technologies/
Breeze Technologies,Robert Alexander-Maximilian Heinecke,https://www.linkedin.com/in/heinecke/
brighter AI,,https://www.linkedin.com/company/brighter-ai/
brighter AI,Patrick Kern,https://www.linkedin.com/in/patrickmkern/
brighter AI,Asaf Birnhack,https://www.linkedin.com/in/birnhackasaf/
brighter AI,Marian Gläser,https://www.linkedin.com/in/mglaeser/
BRYTER,,https://www.linkedin.com/company/brytergmbh/
BRYTER,Michael Grupp,https://www.linkedin.com/in/michael-grupp/
BRYTER,Micha-Manuel Bues,https://www.linkedin.com/in/michamanuelbues/
bugshell,,https://www.linkedin.com/company/bugshellcom/
bugshell,Volker Horst Haupt,https://www.linkedin.com/in/volker-haupt-302461a4/
bugshell,Kristian Moldskred,
bugshell,Pierre Pronchery,
bugshell,Jakob Semmler,https://www.linkedin.com/in/jakob-semmler-858437158/
Smart Platforms GmbH,,https://www.linkedin.com/company/smart-platforms-gmbh/
Smart Platforms GmbH,Angelika Hundt,
Smart Platforms GmbH,Michael Theodor Korbik,
CALLSTR,,https://www.linkedin.com/company/callstr/product/
CALLSTR,Melanie Mahr,https://www.linkedin.com/in/melaniemahr/
carTrust,,https://www.linkedin.com/company/cartrust/
carTrust,Joseph Niro,https://www.linkedin.com/in/joseph-niro-1b0649b/
carTrust,Jason Cook,https://www.linkedin.com/in/jason-cook-89343513/?originalSubdomain=uk
Civey,,https://www.linkedin.com/company/civey/
Civey,Gerrit Richter,https://www.linkedin.com/in/gerrit-richter/
Civocracy 📢,,https://www.linkedin.com/company/civocracy/
clarifydata GmbH,,https://www.linkedin.com/company/clarifydata/
clarifydata GmbH,Lars Michael Hartke,
cloudaible GmbH,,https://www.linkedin.com/company/cloudaible-gmbh/
cloudaible GmbH,Stan Seeler,https://www.linkedin.com/in/stan-seeler-954765a8/
cloudaible GmbH,Matthias Damerow,https://www.linkedin.com/in/damerowm/
CLOUDSUPPLIES,,https://www.linkedin.com/company/cloudsupplies-intellimation-gmbh/
CLOUDSUPPLIES,Olaf Schaefers,https://www.linkedin.com/in/olaf-schaefers/
CLOUDSUPPLIES,Thomas Müller,https://www.linkedin.com/in/th-müller/
CoBenefit,,https://www.linkedin.com/company/cobenefit/
CoBenefit,Florian Bonert,https://www.linkedin.com/in/florianbonert/
CoBenefit,Leon Paul Trippel,https://www.linkedin.com/in/leon-trippel/
Code it!,,https://www.linkedin.com/company/code_it/
Code it!,Carsten Wehrle,
Code it!,Andreas Koch,https://www.linkedin.com/in/-andreas-koch/
Codefy,,https://www.linkedin.com/company/codefy-ai/
Codefy,Michael Gertz,
Codefy,Jakub Leszek Szypulka,
Codefy,Tianyu Yuan,https://www.linkedin.com/in/tianyu-yuan/
CogniBIT,,https://www.linkedin.com/company/cogni-bit/
CogniBIT,Lukas Adam Brostek,https://www.linkedin.com/in/lukas-brostek/
CogniBIT,Alexander Georg Knorr,https://www.linkedin.com/in/alex-knorr/
CogniBIT,Isabelle Teresa Garzorz,
comuneo,,https://www.linkedin.com/company/comuneo/
comuneo,Katharina von Stauffenberg,https://www.linkedin.com/in/annakatharinavonstauffenberg/
comuneo,Silke Sommer,https://www.linkedin.com/in/silke-sommer-4bbb48aa/
Communex,,https://www.linkedin.com/company/communex/
Communex,Stefan Nick Loth,https://www.linkedin.com/in/nickloth/
Communex,Dieter Sebastian Pfab,
Communex,Johannes Michael Kohler,
constellr,,https://www.linkedin.com/company/constellr/
constellr,Christian Mittermaier,https://www.linkedin.com/in/christian-mittermaier-9896a0132/
constellr,Max Gulde,https://www.linkedin.com/in/max-gulde-6563573/
contentflow,,https://www.linkedin.com/company/contentflow1/
contentflow,Sebastian Serafin,https://www.linkedin.com/in/sebastianserafin/
contentflow,Nino Mello Wagner,https://www.linkedin.com/in/nino-mello-wagner/
Convaise,,https://www.linkedin.com/company/convaise/
Convaise,Stefan Zitzlsperger,https://www.linkedin.com/in/zitzlsperger/
Convaise,Tushaar Bhatt,https://www.linkedin.com/in/tushaar-bhatt/
Convaise,Jakob von der Haar,https://www.linkedin.com/in/haar/
CoVerified,,https://www.linkedin.com/company/coverified/
CoVerified,Julia Isabel Diehl,https://www.linkedin.com/in/julia-diehl-ux-co/
CoVerified,Florian Schlittenbauer,https://www.linkedin.com/in/schliflo/
CoVerified,Alessa Fetzer,https://www.linkedin.com/in/alessafetzer/
credium,,https://www.linkedin.com/company/crediumcompany/
credium,Lars Wederhake,https://www.linkedin.com/in/lars-wederhake-2b7a1a29/
credium,Timm Tränkler,https://www.linkedin.com/in/timmtraenkler/
Data Machine Intelligence,,https://www.linkedin.com/company/data-machine-intelligence-solutions/
Data Machine Intelligence,Martin Lederer,https://www.linkedin.com/in/martin-lederer-21b81015/
Data Machine Intelligence,Bert van Heukelom,https://www.linkedin.com/in/bert-van-heukelom-66820628/
data42 GmbH,,https://www.linkedin.com/company/data42-gmbh/
data42 GmbH,Vera Kamp,
Datakadabra,,https://www.linkedin.com/company/datakadabra/about/
Datakadabra,Manuel Franz Ziegler,
Datenschmiede.ai GmbH,,https://www.linkedin.com/company/datenschmiede-ai/
Datenschmiede.ai GmbH,Christoph Schröer,https://www.linkedin.com/in/christoph-schroeer/
Datenschmiede.ai GmbH,Felix Kruse,https://www.linkedin.com/in/dr-felix-kruse-38437414b/
Datenschmiede.ai GmbH,Raphael Holtmann,https://www.linkedin.com/in/raphael-holtmann-3a156121a/
dCentra,,https://www.linkedin.com/company/dcentra/
dCentra,Sorin Radu Simplaceanu,https://www.linkedin.com/in/sorin-simplaceanu/
dCentra,Bertalan Vecsei,https://www.linkedin.com/in/berci/
deeeper.technology GmbH,,https://www.linkedin.com/company/deeeper-technology-gmbh/
deeeper.technology GmbH,Johann Peter Karl Heller,https://www.linkedin.com/in/johann-heller-785aab9a/
deeeper.technology GmbH,Jakob Heinz Wolfgang Heller,https://www.linkedin.com/in/jakob-heller-937438113/
deeeper.technology GmbH,Joshua Becker,https://www.linkedin.com/in/joshua-becker-at-deeeper-technology/
deeeper.technology GmbH,Stan Seeler,https://www.linkedin.com/in/stan-seeler-954765a8/
deineStudienfinanzierung,,https://www.linkedin.com/company/dstudienfinanzierung/
deineStudienfinanzierung,Bastian Krautwald,https://www.linkedin.com/in/bastian-krautwald/
dida Machine Learning,,https://www.linkedin.com/company/dida-machine-learning/
dida Machine Learning,Philipp Jackmuth,https://www.linkedin.com/in/philipp-jackmuth/
discuto,,https://www.linkedin.com/showcase/discuto/about/
discuto,Hannes Leo,https://www.linkedin.com/in/hannes-leo-5a247a8/
discuto,Alfred Taudes,https://www.linkedin.com/in/alfredtaudes/
DKSR - Data Competence Center for Cities & Regions,,https://www.linkedin.com/company/dksr/
DKSR - Data Competence Center for Cities & Regions,Alanus Michael von Radecki,https://www.linkedin.com/in/vonradecki/
DRACOON GmbH,,https://www.linkedin.com/company/dracoon-gmbh/
DraCOON GmbH,Dieter Steiner,https://www.linkedin.com/in/dr-dieter-steiner/
Drone it GmbH,,https://www.linkedin.com/company/droneit-gmbh/about/
Drone it GmbH,Mihael Jakobovic,
Drone it GmbH,Joachim Schlechtriem,https://www.linkedin.com/in/joachim-schlechtriem-b5b9b9129/
EcoLibro GmbH,,https://www.linkedin.com/company/ecolibro-gmbh/
EcoLibro GmbH,Michael Schramek,https://www.linkedin.com/in/michael-schramek-mobilitaetswender/
EcoLibro GmbH,Christian Oleak,https://www.linkedin.com/in/christian-oleak-14a855241/
Economic AI,,https://www.linkedin.com/company/economic-ai/about/
Economic AI,Martin Spindler,https://www.linkedin.com/in/martin-spindler/
Edgeless Systems,,https://www.linkedin.com/company/edgeless-systems/
Edgeless Systems,Thomas Tendyck,https://www.linkedin.com/in/thomas-tendyck/
Edgeless Systems,Felix Schuster,https://www.linkedin.com/in/felixschuster/
Edurocket.de,,https://www.linkedin.com/company/edurocket-de/
Edurocket.de,Georg Hutzschenreuter,https://www.linkedin.com/in/georg-hutzschenreuter/
EGovC GmbH,,https://www.linkedin.com/company/egovc-gmbh/about/
EGovC GmbH,Adrian Nicolai Krzeminski,https://www.linkedin.com/in/adrian-sommer-b85ab0a1/
EineStadt – Einfach.Direkt.Verwalten.,,https://www.linkedin.com/company/einestadt/
EineStadt – Einfach.Direkt.Verwalten.,Sebastian Marc Seitz,https://www.linkedin.com/in/seseitz/
EineStadt – Einfach.Direkt.Verwalten.,Michael Lodes,https://www.linkedin.com/in/michael-lodes-6497a0217/
EINHUNDERT,,https://www.linkedin.com/company/einhundert/
EINHUNDERT,Ernesto Garnier,https://www.linkedin.com/in/ernesto-garnier-3b543114/
Elucidate,,https://www.linkedin.com/company/elucidate-gmbh/
Elucidate,Shane Riedel,https://www.linkedin.com/in/shane-riedel/
enclaive,,https://www.linkedin.com/company/enclaive/
enclaive,Sebastian Gajek,https://www.linkedin.com/in/sebastian-gajek-a120a1267/
enclaive,Andreas Walbrodt,https://www.linkedin.com/in/andreaswalbrodt/
ENEKA Energiekartografie,,https://www.linkedin.com/company/eneka-energiekartografie/
ENEKA Energiekartografie,Tobias Lerche,https://www.linkedin.com/in/tobias-lerche-12593113/
Enginsight GmbH,,https://www.linkedin.com/company/enginsight/
Enginsight GmbH,Mario Jandeck,https://www.linkedin.com/in/mario-jandeck/
Enginsight GmbH,Eric Range,https://www.linkedin.com/in/eric-range-bb118751/
erledigungen.de,,https://www.linkedin.com/company/erledigungen-de/about/
erledigungen.de,Sebastian Simon,https://www.linkedin.com/in/sebastian-simon-22b94a103/
ETA+/ETA PLUS GmbH,,https://www.linkedin.com/company/etaplus/
ETA+/ETA PLUS GmbH,Dirk Wittler,https://www.linkedin.com/in/dirkwittler/
Evermood,,https://www.linkedin.com/company/evermood/
Evermood,Marvin Homburg,https://www.linkedin.com/in/marvinhomburg/
Evermood,Lara Frederike von Petersdorff-Campen,https://www.linkedin.com/in/lara-von-petersdorff-campen/
Evy Solutions GmbH,,https://www.linkedin.com/company/evy-solutions-gmbh/
Evy Solutions GmbH,Michael Vogel,https://www.linkedin.com/in/michael-vogel-evy-solutions-gmbh/
Evy Solutions GmbH,Arian Storch,https://www.linkedin.com/in/arian-storch-841480158/
Fairlanguage (GFGK Gesellschaft für gerechte Kommunikation mbH),,https://www.linkedin.com/company/fairlanguage/
Fairlanguage (GFGK Gesellschaft für gerechte Kommunikation mbH),Georg Michael Martens,https://www.linkedin.com/in/michaelmartensconsultant/
FixMyCity GmbH,,https://www.linkedin.com/company/fixmycity/
FixMyCity GmbH,Boris Alexander Hekele,https://www.linkedin.com/in/boris-hekele/
FixMyCity GmbH,Heiko Rintelen,https://www.linkedin.com/in/heiko-rintelen/
FlexHero,,https://www.linkedin.com/company/flexhero-gmbh/
FlexHero,Frank Blasius,https://www.linkedin.com/in/frank-blasius-15668b91/
FlexHero,Damian Emanuel Belter,
FlexHero,Philipp Klönhammer,https://www.linkedin.com/in/philipp-kl%C3%B6nhammer-166513189/
Flexopus - Die Desk-Sharing-App,,https://www.linkedin.com/company/flexopus/
Flexopus - Die Desk-Sharing-App,Markus Andreas Merkle,https://www.linkedin.com/in/markusmerkle/
Flexopus - Die Desk-Sharing-App,Dániel Fafula,https://www.linkedin.com/in/fafula/
FlyNex,,https://www.linkedin.com/company/flynex-gmbh/
FlyNex,Andreas Dunsch,https://www.linkedin.com/in/andreas-dunsch-fn/
Frontline GmbH,,https://www.linkedin.com/company/frontline100/
Frontline GmbH,Abdul-Kareem Williams,
Fuxam,,https://www.linkedin.com/company/fuxam/
Fuxam,Julian Schröder,https://www.linkedin.com/in/julian-schr%C3%B6der-b07aa5208/
Fuxam,Leo van den Brandt,https://www.linkedin.com/in/leo-van-den-brandt-4ba46b1a9/
Geospin GmbH,,https://www.linkedin.com/company/geospin/
Geospin GmbH,Wolfgang Sebastian Wagner,https://www.linkedin.com/in/sebastian-wagner-86011047/
GEPROG GmbH,,https://www.linkedin.com/company/geprog-gmbh/
GEPROG GmbH,Ellen Heine,https://www.linkedin.com/in/ellen-heine-22729576/
GEPROG GmbH,Marius Franz Walter Heine,https://www.linkedin.com/in/marius-heine-97b50b210/
GEPROG GmbH,Lino Olaf Liebmann,https://www.linkedin.com/in/lino-liebmann/
gertrud digital GmbH,,https://www.linkedin.com/company/gertrud-digital-gmbh/
gertrud digital GmbH,Sven Rebbert,https://www.linkedin.com/in/sven-rebbert/
gertrud digital GmbH,Nils Langemann,https://www.linkedin.com/in/nils-langemann/
Global Goals Directory,,https://www.linkedin.com/company/global-goals-directory/
Global Goals Directory,Nadim Choucair,https://www.linkedin.com/in/nadimchoucair/
govdigital eG,,https://www.linkedin.com/company/govdigital-eg/
govdigital eG,Torsten Koß,https://www.linkedin.com/in/torsten-koß-a4856027a/
govdigital eG,Rudolf Schleyer,https://www.linkedin.com/in/rudolf-schleyer-🇺🇦-🇮🇱-7b20791b8/
GovMarket,,https://www.linkedin.com/company/govmarket/
GovMarket,Doina Roma,https://www.linkedin.com/in/doina-roman-a1101224a/
GovMarket,Thomas Abrokat,https://www.linkedin.com/in/thomas-abrokat-5188331b5/
GovMind,,https://www.linkedin.com/company/govmindtech/
GovMind,Manuel Kilian,https://www.linkedin.com/in/manuelkilian/
GovRadar,,https://www.linkedin.com/company/govradar/
GovRadar,Sascha Soyk,https://www.linkedin.com/in/saschasoyk/
GovShare,,https://www.linkedin.com/company/govshare/
GovShare,Philipp Schwarz,https://www.linkedin.com/in/philipp-paul-schwarz-9350b618/
GovShare,Franz-Ferdinand Kress,https://www.linkedin.com/in/franz-ferdinand-kress-16563a16/
Graphmasters,,https://www.linkedin.com/company/graphmasters-gmbh/
Graphmasters,Sebastian Heise,https://www.linkedin.com/in/sebastian-heise-9b583521/
Graphmasters,Christian Brüggemann,https://www.linkedin.com/in/christian-br%C3%BCggemann-3592a956/
Green City Solutions,,https://www.linkedin.com/company/greencitysolutions/
Green City Solutions,Victor Splittgerber,https://www.linkedin.com/in/victor-splittgerber/
Green City Solutions,Dénes Honus,https://www.linkedin.com/in/denes-honus/
Green City Solutions,Zhengliang Wu,https://www.linkedin.com/in/zhengliang-wu/
Green City Solutions,Peter Sänger,https://www.linkedin.com/in/peter-s%C3%A4nger/
GREENSPIN GmbH,,https://www.linkedin.com/company/green-spin-gmbh/
GREENSPIN GmbH,Gunther Schorcht,https://www.linkedin.com/in/gunther-schorcht-963a5382/
HEIDI - Heimat Digital®,,https://www.linkedin.com/company/heidi-heimat-digital/
HEIDI - Heimat Digital®,Justus Pohle,https://www.linkedin.com/in/justus-pohle-64aa92213/
HEIDI - Heimat Digital®,Niklas Hansjürgens,https://www.linkedin.com/in/niklas-hansj%C3%BCrgens-51b234228/
Helsing,,https://www.linkedin.com/company/helsing/
Helsing,Torsten Reil,https://www.linkedin.com/in/torstenreil/
Helsing,Niklas Köhler,https://www.linkedin.com/in/niklaskoehler/
Helsing,Gundbert Scherf,https://www.linkedin.com/in/gscherf/
Hintbox,,https://www.linkedin.com/company/hintbox-eu/
Hintbox,Dominik Lienen,https://www.linkedin.com/in/dominik-lienen-582b1a194/
Hintbox,Ubbo Assmus,https://www.linkedin.com/in/dr-ubbo-assmus-18b06890/
Hub2Go GmbH,,https://www.linkedin.com/company/hub2go/about/
Hub2Go GmbH,Jan Maciejanski,https://www.linkedin.com/in/jan-maciejanski-3b45a75/
IdeaFox,,https://www.linkedin.com/company/ideafox/
IdeaFox,Aaron Jost,https://www.linkedin.com/in/aron-jost-9203b085/
Idea-ly,,https://www.linkedin.com/company/idea-ly/
Idea-ly,Niklas Schwichtenberg,https://www.linkedin.com/in/niklasschwichtenberg/
Idea-ly,Yannick Bartholomäus,https://www.linkedin.com/in/yannick-bartholom%C3%A4us/
Idea-ly,Radik Kunciev,https://www.linkedin.com/in/radik-kunciev/
identinet GmbH,,https://www.linkedin.com/company/identinet/about/
identinet GmbH,Jan Christoph Ebersbach,https://www.linkedin.com/in/jcebersbach/
Infinite AI Audio,,https://www.linkedin.com/company/infinimesh-io/
Infinite AI Audio,Bruno Kramm,https://www.linkedin.com/in/bruno-kramm-a5585799/
INHUBBER,,https://www.linkedin.com/company/inhubber/
INHUBBER,Leonid Mechik,https://www.linkedin.com/in/leonid-mechik/
Innoloft,,https://www.linkedin.com/company/innoloft/
Innoloft,Sven Pietsch,https://www.linkedin.com/in/sven-pietsch/
Intuitive AI,,https://www.linkedin.com/company/intuitive-ai/
Intuitive AI,Frank Passing,https://www.linkedin.com/in/frankpassing/
ivicos,,https://www.linkedin.com/company/ivicos-gmbh/
ivicos,Kai-Holger Müller-Kästner,https://www.linkedin.com/in/drkhmk/
ivicos,Thomas Lehr,https://www.linkedin.com/in/thomas-lehr-973b6b99/
ivicos,Michael von Grundherr,https://www.linkedin.com/in/michael-von-grundherr-2688231a5/
Jaimo Solutions GmbH,,https://www.linkedin.com/company/jaimo-solutions-gmbh/
Jaimo Solutions GmbH,Adrian Wabro,https://www.linkedin.com/in/adrianwabro/
LQ Enterprise GmbH,,https://www.linkedin.com/company/lq-enterprise-gmbh/
LQ Enterprise GmbH,Benedikt Frings,https://www.linkedin.com/in/benedikt-frings/
LQ Enterprise GmbH,Tom Lawson,https://www.linkedin.com/in/tom-lawson-ba661434/
LQ Enterprise GmbH,Oliver Queck,https://www.linkedin.com/in/oliverqueck/
JAAI | JUST ADD AI,,https://www.linkedin.com/company/justaddai/
JAAI | JUST ADD AI,Roland Becker,https://www.linkedin.com/in/roland-becker-7b94621/
Kauz GmbH,,https://www.linkedin.com/company/kauz-gmbh/
Kauz GmbH,Thomas Ruedel,https://www.linkedin.com/in/thomas-ruedel-92980985/
key2contract,,https://www.linkedin.com/company/key2contract/
key2contract,Achim Wehinger,https://www.linkedin.com/in/achim-wehinger/
key2contract,Leonid Mechik,https://www.linkedin.com/in/leonid-mechik/
KIProtect,,https://www.linkedin.com/company/kiprotect/
KIProtect,Andreas Dewes,https://www.linkedin.com/in/andreas-dewes-39a53b13/
Kiron Digital Learning Solutions,,https://www.linkedin.com/company/kiron-digital/
Kiron Digital Learning Solutions,Tobias Ernst,https://www.linkedin.com/in/tobiasernst/
mecodia GmbH,,https://www.linkedin.com/company/mecodia-gmbh/
mecodia GmbH,Fabian Sauer,https://www.linkedin.com/in/fabian-sauer-57921844/
mecodia GmbH,Florian Beutenmüller,https://www.linkedin.com/in/florian-beutenm%C3%BCller-130975174/
mecodia GmbH,Markus Andreas Merkle,https://www.linkedin.com/in/markusmerkle/
mecodia GmbH,Philipp Wahju,https://www.linkedin.com/in/wahju/
mecodia GmbH,Felix Ebner,https://www.linkedin.com/in/felix-ebner/
mecodia GmbH,Florian Greinert,https://www.linkedin.com/in/florian-greinert/
mecodia GmbH,Tobias Birmili,https://www.linkedin.com/in/tobias-birmili/
mecodia GmbH,Florican Demaku,https://www.linkedin.com/in/florian-demaku/
Komuno,,https://www.linkedin.com/school/komunoclub/
Komuno,Robert Oswin Wassmer,https://www.linkedin.com/in/robert-wassmer-48129751/
Komuno,Susan Niederhöfer,https://www.linkedin.com/in/susan-niederh%C3%B6fer-38979a53/
Konfuzio,,https://www.linkedin.com/company/ai-software-konfuzio/
Konfuzio,Christopher Vincent Helm,https://www.linkedin.com/in/christopher-helm-public/
Konfuzio,Julius Wenzel Nagel,
L21s,,https://www.linkedin.com/company/l21s/
L21s,Jan Schmitz-Hermes,https://www.linkedin.com/in/jan-schmitz-hermes-ba30a5b1/
Ladeplan,,https://www.linkedin.com/company/ladeplan/
Ladeplan,Till Schlief,https://www.linkedin.com/in/till-schlief-130b0a1aa/
Ladeplan,Benjamin Kasten,https://www.linkedin.com/in/benjamin-kasten/
Langlauf Security Autmation GmbH,,https://www.linkedin.com/company/langlauf-security-automation-gmbh/
Langlauf Security Autmation GmbH,Jan Stijohann,https://www.linkedin.com/in/stijohann/
Langlauf Security Autmation GmbH,Jan Hendrik Hammer,https://www.linkedin.com/in/dr-jan-hendrik-hammer-9786237b/
LawLift,,https://www.linkedin.com/company/lawlift-gmbh/
LawLift,Steffen Bunnenberg,https://www.linkedin.com/in/drsteffenbunnenberg/
Lawpilots,,https://www.linkedin.com/company/lawpilots/
Lawpilots,Dieter Kerkfeld,https://www.linkedin.com/in/dieter-kerkfeld/
LegalTegrity,,https://www.linkedin.com/company/legaltegrity/
LegalTegrity,Thomas Altenbach,https://www.linkedin.com/in/dr-thomas-altenbach/
LegalTegrity,Pia Michel,https://www.linkedin.com/in/pia-michel-frankfurt/
Level3 GmbH,,https://www.linkedin.com/company/level3-analytics/about/
Level3 GmbH,Jan Meller,https://www.linkedin.com/in/jan-meller/
Level3 GmbH,Fabian Taigel,https://www.linkedin.com/in/fabian-taigel-03209a124/
Level3 GmbH,Sarah Mehringer,
LEX AI,,https://www.linkedin.com/company/lexai/
LEX AI,Maik Neubauer,https://www.linkedin.com/in/maikneubauer/
LEX AI,Susann Funke,https://www.linkedin.com/in/drsusannfunke/
Linguedo,,https://www.linkedin.com/company/linguedo/
Linguedo,Matthias Gilch,https://www.linkedin.com/in/matthiasgilch/
Link IT isi GmbH,,https://www.linkedin.com/company/link-it-isi/
Link IT isi GmbH,Sebastian Kopp,https://www.linkedin.com/in/kopp-sebastian/
LITTLE BIRD,,https://www.linkedin.com/company/little-bird-gmbh/
LITTLE BIRD,Anke Odrig,https://www.linkedin.com/in/anke-odrig-b2ba9126/
LiveEO,,https://www.linkedin.com/company/liveeo/
LiveEO,Sven Przywarra,https://www.linkedin.com/in/svenprzy/
LiveEO,Daniel Friedhelm Seidel,https://www.linkedin.com/in/daniel-seidel-979524137/
Locaboo,,https://www.linkedin.com/company/locaboo/
Locaboo,Michael Loy,https://www.linkedin.com/in/michael-loy-5635ab9b/
Locaboo,Andreas Julian Michel,https://www.linkedin.com/in/andreasmichel/
LocalDonation,,https://www.linkedin.com/company/localdonation/
LocalDonation,Felix Scherf,https://www.linkedin.com/in/felix-scherf-a95a28280/
LocalDonation,Manuel Koelman,https://www.linkedin.com/in/koelman/
LocateRisk,,https://www.linkedin.com/company/locaterisk/
LocateRisk,Lukas Baumann,https://www.linkedin.com/in/lukas-baumann-476aa9b2/
Lokalprojekte,,https://www.linkedin.com/company/lokaleprojekte/
Lokalprojekte,Florian Keppeler,https://www.linkedin.com/in/florian-keppeler/
Lokalprojekte,Dirk Reinhold,https://www.linkedin.com/in/dirk-reinhold/
luckycloud GmbH,,https://www.linkedin.com/company/luckycloud/
luckycloud GmbH,Lukas Valentin Mader,https://www.linkedin.com/in/luckycloud/
MADANA,,https://www.linkedin.com/company/madana.io/about/
MADANA,Dieter Schule,https://www.linkedin.com/in/dieterschule/
MADANA,Christian Gerhard Junger,https://www.linkedin.com/in/christianjunger/
Matterway,,https://www.linkedin.com/company/matterway/
Matterway,Anthony Hsiao,https://www.linkedin.com/in/anthonyhsiao/
Matterway,Yann Le Gouic,https://www.linkedin.com/in/yannlegouic/
meetergo,,https://www.linkedin.com/company/meetergo/
meetergo,Dominik Marius Rapacki,https://www.linkedin.com/in/dominik-rapacki/
meetergo,Richard Franz Gödel,https://www.linkedin.com/in/richard-g%C3%B6del/
meinBafög.de,,https://www.linkedin.com/company/meinbafoeg/about/
meinBafög.de,Pascal Gerd Heinrichs,https://www.linkedin.com/in/accesstojusticeguy/
leanact GmbH,,https://www.linkedin.com/company/leanact-gmbh/
leanact GmbH,Hadi Ghorashi,https://www.linkedin.com/in/hadipreneur/
Merantix Momentum,,https://www.linkedin.com/company/merantix-momentum/
Merantix Momentum,Nicole Antoinette Büttner-Thiel,https://www.linkedin.com/in/nicole-buettner/
METR,,https://www.linkedin.com/company/metr/
METR,Bernd Walter Kirschner,
METR,Michael-Maria Bommer,
METR,Franka Birke,https://www.linkedin.com/in/franka-birke-dr-5a041814/
FlowShare,,https://www.linkedin.com/company/flowshare/
FlowShare,Sofia Gertzen,https://www.linkedin.com/in/sofia-gertzen/
FlowShare,Friedrich Louis Maywald,https://www.linkedin.com/in/louis-maywald-83b583149/
FlowShare,Oliver Fluck,https://www.linkedin.com/in/oliver-fluck-41701b1a5/
MOTIONTAG,,https://www.linkedin.com/company/motiontag/
MOTIONTAG,Florian Stock,https://www.linkedin.com/in/florian-stock-607103109/
MOTIONTAG,Stephan Leppler,https://www.linkedin.com/in/stephan-leppler/
motravo.de,,https://www.linkedin.com/company/motravo-de/
motravo.de,Paul Kissel,https://www.linkedin.com/in/paul-kissel/
NATIX Network,,https://www.linkedin.com/company/natixnetwork/
NATIX Network,Alireza Ghods,https://www.linkedin.com/in/ghods-alireza/
NATIX Network,Omid Mogharian,https://www.linkedin.com/in/omidmogharian/
NATIX Network,Lorenz Paul Karl-Georg Muck,https://www.linkedin.com/in/lorenzmuck/
nebenan.de,,https://www.linkedin.com/company/nebenan-de/
nebenan.de,Michael Vollmann,https://www.linkedin.com/in/mvollmann/
Nect GmbH,,https://www.linkedin.com/company/nect.com/
Nect GmbH,Carlo Ulbrich,https://www.linkedin.com/in/carlo-ulbrich/
Nect GmbH,Benny Bennet Jürgens,https://www.linkedin.com/in/bennybennet/
neopolis GmbH,,https://www.linkedin.com/company/neopol-is/
neopolis GmbH,Andreas Michael Mansfeld,https://www.linkedin.com/in/michaelmansfeld/
neopolis GmbH,Aram Johannes Igor Unruh,https://www.linkedin.com/in/johannes-ai-unruh/
neopolis GmbH,Sebastian Otto Windeck,https://www.linkedin.com/in/sebastianwindeck/
Nepos,,https://www.linkedin.com/company/nepos-gmbh/about/
Nepos,Paul Lunow,https://www.linkedin.com/in/paul-lunow/
NETQUES . daten & diagnostik GmbH,,https://www.linkedin.com/company/netques/
NETQUES . daten & diagnostik GmbH,Matthias Liebig,https://www.linkedin.com/in/matthiasliebig/
Neuralfinity UG,,https://www.linkedin.com/company/neuralfinity/
Neuralfinity UG,Jannik Malte Meissner,https://www.linkedin.com/in/jannikmeissner/
Neuralfinity UG,Yulia Butovchenko,https://www.linkedin.com/in/yuliiabutovchenko/
noah,,https://www.linkedin.com/company/noah-gmbh/
noah,Conrad Großner,https://www.linkedin.com/in/conradgrosser/
noah,Denny Farkas,https://www.linkedin.com/in/dennyfarkas/
neXenio,,https://www.linkedin.com/company/nexenio/
neXenio,Philipp Berger,https://www.linkedin.com/in/bergerphilipp/
neXenio,Patrick Hennig,https://www.linkedin.com/in/patrick-hennig-67898372/
Nona Search Technologies GmbH,,https://www.linkedin.com/company/nona-search-technologies/about/
Nona Search Technologies GmbH,Alexander Kaiser,https://www.linkedin.com/in/poolie/
oneGuide,,https://www.linkedin.com/company/one-guide/
oneGuide,Marlon Lückert,https://www.linkedin.com/in/marlon-lueckert/
oneGuide,Wiebke Nadzeika,https://www.linkedin.com/in/wiebke-nadzeika/
Opentalk,,https://www.linkedin.com/company/opentalk-video-conferencing/
Opentalk,Peer Heinlein,https://www.linkedin.com/in/peer-heinlein/
optiGov,,https://www.linkedin.com/company/optigov/
optiGov,Stefan Neisemeier,https://www.linkedin.com/in/stefan-neisemeier-84b47340/
optiGov,Lukas Szlachta,https://www.linkedin.com/in/lukas-szlachta-51823b33/
paged,,https://www.linkedin.com/company/paged/
paged,Deniz Tuzus,https://www.linkedin.com/in/deniz-tuzsus-57a05b1ba/
paged,Dana Pietralla,https://www.linkedin.com/in/dana-pietralla/
PANTOhealth,,https://www.linkedin.com/company/pantohealth/
PaNTOhealth,Farzad Vesali,https://www.linkedin.com/in/farzad-vesali/
PaNTOhealth,Mina Kolagar,https://www.linkedin.com/in/mina-kolagar/
Paperless,,https://www.linkedin.com/company/paperlessio/
Paperless,Jan Scheurenbrand,https://www.linkedin.com/in/janscheurenbrand/
Paperless,Sebastian Herd,https://www.linkedin.com/in/sebastianherd/
ParkBest,,https://www.linkedin.com/company/parkbest/
ParkBest,Neil Deloch,https://www.linkedin.com/in/neil-deloch-54bb99179/
ParkBest,Jonas Langbehn,https://www.linkedin.com/in/jonaslangbehn/
PATERO GmbH - Quantum Secure Communication,,https://www.linkedin.com/company/patero-gmbh/
PATERO GmbH - Quantum Secure Communication,Mirco Jahn,https://www.linkedin.com/in/mirco-jahn/
PATERO GmbH - Quantum Secure Communication,Henning Schiel,https://www.linkedin.com/in/henning-schiel/
Patronus Group,,https://www.linkedin.com/company/patronus-group-hello/
Patronus Group,Ben Staudt,https://www.linkedin.com/in/bstaudt/
Patronus Group,Tim Wagner,https://www.linkedin.com/in/tim-wagner-atouba/
Perseus Technologies,,https://www.linkedin.com/company/perseuscyberclub/
Perseus Technologies,Hendrik Krawinkel,https://www.linkedin.com/in/hendrik-krawinkel/
Perseus Technologies,Sven Weizenegger,https://www.linkedin.com/in/svenweizenegger/
Perseus Technologies,Inna Leontenkova,https://www.linkedin.com/in/riesenkampff/
Personio,,https://www.linkedin.com/company/personio/
Personio,Hanno Frederik Renner,https://www.linkedin.com/in/hanno-renner/
Personio,Roman Schumacher,https://www.linkedin.com/in/romanschumacher/
PLAN4 Software GmbH,,https://www.linkedin.com/company/plan4-software-gmbh/
PLAN4 Software GmbH,Hendrik Seibel,https://www.linkedin.com/in/hendrik-seibel-9199a5a7/
PLAN4 Software GmbH,Thorsten Harig,https://www.linkedin.com/in/thorstenharig/
PLAN4 Software GmbH,Bernhard Mering,https://www.linkedin.com/in/bernhard-mering-19247218b/
Plan4Better,,https://www.linkedin.com/company/plan4better/
Plan4Better,Ulrike Jehle,https://www.linkedin.com/in/ulrike-jehle/
Plan4Better,Elias Pajares,https://www.linkedin.com/in/eliaspajares/
Plantobelly,,https://www.linkedin.com/company/plantobelly/
Plantobelly,Bastian Klemke,https://www.linkedin.com/in/bastian-klemke-2ab167103/
Plantobelly,Christian Hahn,https://www.linkedin.com/in/christian-hahn-155366215/
Policy-Insider.ai,,https://www.linkedin.com/company/policyinsiderai/
Policy-Insider.ai,Marc-Angelo Arrigo Roland Bisotti,https://www.linkedin.com/in/marc-angelo-bisotti/
Polyteia,,https://www.linkedin.com/company/polyteia/
Polyteia,Philipp Alejo Braun,https://www.linkedin.com/in/braun/
Polyteia,Marcel Kroitblat,https://www.linkedin.com/in/marcelkroitblat/
PREVENCY®,,https://www.linkedin.com/company/prevency/
PreVENCY®,Lars Niggemann,https://www.linkedin.com/in/larsniggemann/
Preventio,,https://www.linkedin.com/company/preventio/
Preventio,Andreas Bechmann,https://www.linkedin.com/in/andreas-bechmann/
Preventio,Bledion Vladi,https://www.linkedin.com/in/bledionvladi/
Preventio,Frederic Büdel,https://www.linkedin.com/in/frederic-buedel/
Preventio,Peter Yves Ruland,https://www.linkedin.com/in/peteryvesruland/
Proceer UG,,https://www.linkedin.com/company/proceer/about/
Proceer UG,Tobias Ibach,https://www.linkedin.com/in/tobias-ibach-44976575/
Proceer UG,Jonas Adrian Stickel,https://www.linkedin.com/in/jonas-stickel/
Proceer UG,Patrick Körber,https://www.linkedin.com/in/patrick-koerber/
Psoido GmbH,,https://www.linkedin.com/company/psoido/
Psoido GmbH,Steffen Holly,https://www.linkedin.com/in/steffenholly/
Psoido GmbH,Matthias Glatschke,https://www.linkedin.com/in/matthias-glatschke/
Publk GmbH,,https://www.linkedin.com/company/publk-gmbh/
Publk GmbH,Jörg Schwitalla,https://www.linkedin.com/in/joerg-schwitalla-6b8b7b204/
Qundo,,https://www.linkedin.com/company/qundo/
Qundo,Udo Rainer Bröskamp,https://www.linkedin.com/in/dr-udo-br%C3%B6skamp-102653157/
Qundo,Martin Erwin Deckert,https://www.linkedin.com/in/dr-martin-deckert-a358b6104/
ravespace.io,,https://www.linkedin.com/company/ravespaceio/
ravespace.io,Frank Edmund Hahn,https://www.linkedin.com/in/frank-hahn-73aa7796/
readyplace AG,,https://www.linkedin.com/company/readyplace/
readyplace AG,Jens Treskatis,https://www.linkedin.com/in/jens-treskatis-1b99a01/
readyplace AG,Heiko Jabusch,https://www.linkedin.com/in/heiko-jabusch-8b5542/
readyplace AG,Maximilian Hipp,https://www.linkedin.com/in/maximilian-hipp-019b0a1a2/
rego Dienste,,https://www.linkedin.com/company/rego-dienste/
rego Dienste,Stan Seeler,https://www.linkedin.com/in/stan-seeler-954765a8/
rego Dienste,Stefan Komoß,https://www.linkedin.com/in/stefan-komo%C3%9F-920a35131/
Resourcify,,https://www.linkedin.com/company/resourcify/
Resourcify,Gary James Lewis,https://www.linkedin.com/in/circular-gary/
Respeak,,https://www.linkedin.com/company/respeak-io/
Respeak,Jasper Feine,https://www.linkedin.com/in/jasperfeine/
Respeak,Tim Rietz,https://www.linkedin.com/in/timrietz/
Rhebo,,https://www.linkedin.com/company/rhebo/
Rhebo,Martin Menschner,https://www.linkedin.com/in/martinmenschner/
ROADIA,,https://www.linkedin.com/company/roadia/
ROADIA,Markus Hantschmann,https://www.linkedin.com/in/dr-markus-hantschmann-24172a6a/
ROADIA,Tobias Fischer,https://www.linkedin.com/in/tobi-fischer/
ROADIA,Mykhaylo Filipenko,https://www.linkedin.com/in/dr-mykhaylo-filipenko/
Sablono,,https://www.linkedin.com/company/sablono/
Sablono,Lukas Olbrich,https://www.linkedin.com/in/lukasolbrich/
Sablono,Sven Richter,https://www.linkedin.com/in/richtersven/
Schnaq,,https://www.linkedin.com/company/schnaq/
Schnaq,Mirke Birkhoff,https://www.linkedin.com/in/mike-birkhoff-9a5161101/
Schnaq,Christian Meter,https://www.linkedin.com/in/christian-meter-2960a948/
Schnaq,Alexander Schneider,https://www.linkedin.com/in/alexander-schneider-562334116/
Sdui,,https://www.linkedin.com/company/sdui/
Sdui,Paul Daniel Zacharias,https://www.linkedin.com/in/daniel-zacharias-b25854135/
Senf.app,,https://www.linkedin.com/company/senf-app/
Senf.app,Christian Wild von Hohenborn,https://www.linkedin.com/in/christian-wild-von-hohenborn-1aa2421a6/
Senf.app,Kathrin Krienke,https://www.linkedin.com/in/kathrin-krienke-b11204174/
Seven Principles Mobility GmbH,,https://www.linkedin.com/company/seven-principles-mobility-gmbh/
ShiftDigital Government Solutions GmbH,,https://www.linkedin.com/company/shiftdigital-government-solutions-gmbh/
ShiftDigital Government Solutions GmbH,Dennis John Wilson,
ShiftDigital Government Solutions GmbH,David Latz,https://www.linkedin.com/in/david-latz-38577070/
Silberfluss,,https://www.linkedin.com/company/silberfluss/
Silberfluss,Felix Füssel,https://www.linkedin.com/in/felix-fuessel-a075581b8/
Silberfluss,Jan Jakob,https://www.linkedin.com/in/jan-jakob-605586201/
Silberfluss,Nils Lißner,https://www.linkedin.com/in/nils-lissner-b914841b0/
Silberfluss,Lukas Ballweg,https://www.linkedin.com/in/lukas-ballweg/
Smart City System Parking Solutions GmbH,,https://www.linkedin.com/company/smart-city-system/
Smart City System Parking Solutions GmbH,Stefan Eckart,https://www.linkedin.com/in/stefan-eckart-109b50163/
Smart City System Parking Solutions GmbH,Andreas Jaumann,https://www.linkedin.com/in/andreas-jaumann-311b60167/
Smart CJM GmbH,,https://www.linkedin.com/company/smart-cjm/
Smart CJM GmbH,Stefan Dylka,https://www.linkedin.com/in/stefan-dylka/
Smart CJM GmbH,Thomas Föcking,https://www.linkedin.com/in/thomas-f%C3%B6cking-b38b5a8b/
Smart Village Solutions SVS GmbH,,https://www.linkedin.com/company/smart-village-solutions/
Smart Village Solutions SVS GmbH,Philipp Wilimzig,https://www.linkedin.com/in/wilimzig/
smartkita GmbH,,https://www.linkedin.com/company/smartkita/
smartkita GmbH,Waltraud Weegmann,https://www.linkedin.com/in/weegmann-waltraud-00b196b1/
smartkita GmbH,Clemens Matthias Weegmann,https://www.linkedin.com/in/clemens-weegmann-951454235/
Societec,,https://www.linkedin.com/company/societec/
Societec,Martin Peitzner,https://www.linkedin.com/in/martin-peitzner-515a5127/
Societec,Jan Willem Jansen,https://www.linkedin.com/in/willem-jansen-0a09a51a3/
SONAH,,https://www.linkedin.com/company/sonah-gmbh/
SONAH,Victor ter Smitten,https://www.linkedin.com/in/victor-ter-smitten-104466a6/
SonoBeacon GmbH,,https://www.linkedin.com/company/sonobeacon/
SonoBeacon GmbH,Thoralf Nehls,https://www.linkedin.com/in/thoralf-nehls-9b2440a4/
SonoBeacon GmbH,Ulrich Bunsmann,https://www.linkedin.com/in/ulrich-bunsmann-48218653/
sopher networks GmbH,,https://www.linkedin.com/company/sopher/about/
sopher networks GmbH,Benjamin Michéle,
sopher networks GmbH,Stefan Sechelmann,https://www.linkedin.com/in/sechel/
SoSafe,,https://www.linkedin.com/company/sosafe-cyber-security/
SoSafe,Felix Schürholz,https://www.linkedin.com/in/felix-sch%C3%BCrholz-66992193/
SoSafe,Lukas Schaefer,https://www.linkedin.com/in/lukas-schaefer-sosafe/
SoSafe,Niklas Jan Hellemann,https://www.linkedin.com/in/nhellemann/
Sozialkompass,,https://www.linkedin.com/company/sozialkompass/
Sozialkompass,Sören Rademacher,https://www.linkedin.com/in/soeren-rademacher/
Sozialkompass,Sven Bokelmann,https://www.linkedin.com/in/sven-bokelmann-b03337227/
SPOO Group GmbH I Digitale Lösungen für mehr Wachstum,,https://www.linkedin.com/company/spoogroup/
SPOO Group GmbH I Digitale Lösungen für mehr Wachstum,Heinz-Joachim Gustel Bölling,https://www.linkedin.com/in/heinz-b%C3%B6lling-6b5ba217/
SPOO Group GmbH I Digitale Lösungen für mehr Wachstum,Florian Schindler,https://www.linkedin.com/in/schindlerflorian/
SpotAR,,https://www.linkedin.com/company/spotar/
SpotAR,Markus Oel,https://www.linkedin.com/in/markus-oel-2a1158222/
SpotAR,Carsten Rinsdorf,
SpotAR,Marai Ströcker,
StackFuel,,https://www.linkedin.com/school/stackfuel/
,Leo Marose,https://www.linkedin.com/in/leomarose/
,Stefan Berntheisel,https://www.linkedin.com/in/stefanberntheisel/
Stadt.Land.Netz,,https://www.linkedin.com/company/stadtlandnetz/
Stadt.Land.Netz,Lars Lehmann,https://www.linkedin.com/in/lalehmann/
Stadt.Land.Netz,Marcus Aram Dawidjan,https://www.linkedin.com/in/madawidjan/
SUMM AI,,https://www.linkedin.com/company/summ-ai/
SUMM AI,Vanessa Theel,https://www.linkedin.com/in/vanessa-theel-624b54122/
SUMM AI,Nicholas Jens-Michel Wolf,https://www.linkedin.com/in/nicholas-jm-wolf/
SUMM AI,Flora Claire Fabia Sophia Geske,https://www.linkedin.com/in/flora-geske-603274a9/
Sunto-IT,,https://www.linkedin.com/company/sunto-it/
Sunto-IT,Lina Döring,https://www.linkedin.com/in/lina-d%C3%B6ring-79749a203/
Sunto-IT,Moritz Blum,https://www.linkedin.com/in/moritz-blum-7067061b3/
Sunto-IT,Ole Wienke,https://www.linkedin.com/in/olewienke/
SupraTix GmbH 知识之路,,https://www.linkedin.com/company/supratix-gmbh/
SupraTix GmbH,Tobias Göcke,https://www.linkedin.com/in/tobiasgoecke/
SWCode,,https://www.linkedin.com/company/swcode/
SWCode,Oscar Dennis Wiosna,https://www.linkedin.com/in/dennis-wiosna-53508794/
SWCode,Viktor Waal,https://www.linkedin.com/in/viktor-waal-06416ba2/
SWCode,Viktor Gottfried,https://www.linkedin.com/in/viktorgt/
Symlink,,https://www.linkedin.com/company/symlink-gmbh/
Symlink,Daniel Kalwitzki,https://www.linkedin.com/in/danielkalwitzki/
Synertics,,https://www.linkedin.com/company/synertics/
Synertics,Manuel Eduardo Pessanha,https://www.linkedin.com/in/manuelpessanha/
syte,,https://www.linkedin.com/company/syte-startup/
syte,David Nellessen,https://www.linkedin.com/in/davidnellessen/
syte,Matthias Zühlke,https://www.linkedin.com/in/matthias-zuehlke/
talent::digital,,https://www.linkedin.com/company/talent-digital-gmbh/
talent::digital,Roman Raphael Rüdiger,https://www.linkedin.com/in/roman-r-ruediger/
TamedAI,,https://www.linkedin.com/company/tamedai/
TamedAI,Nils Schwenzfeier,
TamedAI,Ole Meyer,https://www.linkedin.com/in/meyerole/
techeroes gGmbH,,https://www.linkedin.com/company/techeroes-ggmbh/
techeroes gGmbH,Ramesh Sharma,
techeroes gGmbH,Rinku Sharma,https://www.linkedin.com/in/rinku-sharma-1047211a/
Temys Medical Solutions,,https://www.linkedin.com/company/temys-medical-solutions/
Temys Medical Solutions,Alexander Michael Zeier,https://www.linkedin.com/in/alexandermzeier/
TextADD,,https://www.linkedin.com/company/textadd/
TextADD,Mathias Schmidt,
TextADD,Sebastian Wenzel,https://www.linkedin.com/in/sebastian-wenzel-145aab90/
Themis Digital,,https://www.linkedin.com/company/themis-digital/
Themis Digital,Dinah Schmechel,https://www.linkedin.com/in/dinah-schmechel/
Theum,,https://www.linkedin.com/company/theum-ag/
Theum,Paul Wilhelm Caspers,https://www.linkedin.com/in/paulcaspers/
Thing Technologies,,https://www.linkedin.com/company/thing-technologies/
Thing Technologies,Klaus Berberich,https://www.linkedin.com/in/klaus-berberich/
ThreeB IT,,https://www.linkedin.com/company/threebit/
ThreeB IT,Thorsten Brügge,https://www.linkedin.com/in/thorstenbruegge/
ThreeB IT,Andre Bunse,https://www.linkedin.com/in/andre-bunse-33878318a/
ThreeB IT,Thimo Buchheister,https://www.linkedin.com/in/buchheister/
TIE Kinetix is now SPS Commerce,,https://www.linkedin.com/company/tiekinetix/
,Christian Seidl,https://www.linkedin.com/in/chr-seidl/
Treesense,,https://www.linkedin.com/company/treesense/
Treesense,Moritz Spielvogel,https://www.linkedin.com/in/moritz-spielvogel/
Treesense,Semir Babajic,https://www.linkedin.com/in/semirbabajic94/
Treesense,Giancarlo Foderà,https://www.linkedin.com/in/giancarlofodera/
tucan.ai,,https://www.linkedin.com/company/tucan-ai/
tucan.ai,Florian Polak,https://www.linkedin.com/in/florian-polak/
tucan.ai,Lukas Rintelen,https://www.linkedin.com/in/lukas-rintelen/
Tür an Tür - Digitalfabrik gGmbH,,https://www.linkedin.com/company/tatdf/
Tür an Tür - Digitalfabrik gGmbH,Daniel Kehne,https://www.linkedin.com/in/kehne/
twin.one,,https://www.linkedin.com/company/twin-one/about/
twin.one,Antonios Levkadinos,https://www.linkedin.com/in/antonios-levkadinos-871944127/
twin.one,Jani Pauli Ojala,https://www.linkedin.com/in/janiojalaa/
twin.one,Thomas Scherer,
Twyla AI,,https://www.linkedin.com/company/twyla-ai/about/
Twyla AI,Paul Gibbins,https://www.linkedin.com/in/pgibbins/
Twyla AI,Christopher Lotz,https://www.linkedin.com/in/christopherlotz/
UNITED SIGNALS,,https://www.linkedin.com/company/united-signals-gmbh/
UNITED SIGNALS,Heiko Martin Seebach,https://www.linkedin.com/in/heikoseebach/
UNITED SIGNALS,Daniel Schäfer,https://www.linkedin.com/in/daniel-schaefer/
upvisit,,https://www.linkedin.com/company/upvisit/
upvisit,Katharina Aguilar Boehmert,https://www.linkedin.com/in/katharina-aguilar-947a7378/
upvisit,Alicia Sophia Juliana Hinon,https://www.linkedin.com/in/aliciahinon/
Urban Impact,,https://www.linkedin.com/company/urbanimpactagency/
Urban Impact,Jonas Schorr,https://www.linkedin.com/in/jonasschorr/
Urban Impact,Dominik Zalewski,https://www.linkedin.com/in/dominik-zalewski-84782546/
urbanistic,,https://www.linkedin.com/company/urbanistic/
urbanistic,Marc-Christian Hodapp,https://www.linkedin.com/in/marc-hodapp/
urbanistic,Michael Mühlhaus,https://www.linkedin.com/in/michael-muehlhaus/
urbanistic,Nils Seifert,https://www.linkedin.com/in/nils-seifert/
Urbview,,https://www.linkedin.com/company/urbview/
Urbview,Elnaz Nouri,https://www.linkedin.com/in/dr-elnaznouri/
Urbview,Franziska Vogg,https://www.linkedin.com/in/franziska-vogg-88726023a/
uRyde,,https://www.linkedin.com/company/uryde/
uRyde,Johannes Andree,https://www.linkedin.com/in/johannes-andree-599462198/
uRyde,Nino Handler,https://www.linkedin.com/in/ninohandler/
Userlane,,https://www.linkedin.com/company/userlane/
Userlane,Hartmut Hahn,https://www.linkedin.com/in/hartmuthahn/
Userlane,Kajetan Uhlig,https://www.linkedin.com/in/kuhlig/
Userlane,Felix Max Luis Eichler,https://www.linkedin.com/in/felix-eichler/
Velopad GmbH,,https://www.linkedin.com/company/velopad/
Velopad GmbH,Andrey Zolotnitskiy,
Venture Leap GmbH,,https://www.linkedin.com/company/venture-leap/
Venture Leap GmbH,Daniel Christopher Werner,https://www.linkedin.com/in/dr-daniel-werner/
Verimi,,https://www.linkedin.com/company/verimi/
Verimi,Julia Vieth,
Vesputi,,https://www.linkedin.com/company/vesputi/
Vesputi,Tabea Menhorn,https://www.linkedin.com/in/tabea-menhorn/
Viakom GmbH,,https://www.linkedin.com/company/viakom-gmbh/
Viakom GmbH,Matthias Damerow,https://www.linkedin.com/in/damerowm/
vialytics,,https://www.linkedin.com/company/vialytics/
vialytics,Danilo Jovicic-Albrecht,https://www.linkedin.com/in/danilo-jovicic/
vialytics,Achim Hoth,https://www.linkedin.com/in/achim-hoth/
vialytics,Patrick Glaser,https://www.linkedin.com/in/patrick-glaser-a48bbb159/
ViARsys -Virtual and Augmented Reality Systems GmbH,,https://www.linkedin.com/company/viarsys/
ViARsys -Virtual and Augmented Reality Systems GmbH,Konrad Gill,https://www.linkedin.com/in/konrad-gill-17bab685/
Viind,,https://www.linkedin.com/company/viind/
Viind,Martthias Clad,https://www.linkedin.com/in/matthias-clad/
Viind,Michael Gabler,https://www.linkedin.com/in/michael-gabler-b28188217/
vilisto GmbH,,https://www.linkedin.com/company/vilisto/
vilisto GmbH,Lasse Stehnken,https://www.linkedin.com/in/lasse-stehnken-b042a1149/
vilisto GmbH,Malte Lennart Marwede,https://www.linkedin.com/in/maltemarwede/
vilisto GmbH,Christoph Berger,https://www.linkedin.com/in/christoph-berger/
VISARIGHT,,https://www.linkedin.com/company/visaright/
VISARIGHT,Andreas Kopysov,https://www.linkedin.com/in/andreaskopysov/
visionYOU GmbH,,https://www.linkedin.com/company/visionyou-gmbh/
visionYOU GmbH,Madeleine Wolf,https://www.linkedin.com/in/madeleine-wolf-008144125/
VITAS - Virtuelle Telefonassistenten,,https://www.linkedin.com/company/vitasai/
VITAS - Virtuelle Telefonassistenten,Thomas Blazej Abend,https://www.linkedin.com/in/thomas-abend/
VoluMap,,https://www.linkedin.com/company/volumap/
VoluMap,Simon Jegelka,https://www.linkedin.com/in/simon-jegelka/
Vote  Rookie,,https://www.linkedin.com/company/voterookie/
Vote  Rookie,David Gelantia,https://www.linkedin.com/in/david-gelantia/
Vote  Rookie,Susanna Maier,https://www.linkedin.com/in/susannamaier/
Weltenretter,,https://www.linkedin.com/company/weltenretter/
Weltenretter,Daniel Christian Kaszanics,https://www.linkedin.com/in/dkaszanics/
Witty Works,,https://www.linkedin.com/company/witty-works/
Witty Works,Lukas Kahwe Smith,https://www.linkedin.com/in/lsmith/
Witty Works,Nadia Fischer Waeber,https://www.linkedin.com/in/nadiafischer/
wohin-mit.de,,https://www.linkedin.com/company/wohin-mit-de/about/
wohin-mit.de,Ivan Schütz,https://www.linkedin.com/in/ivan-sch%C3%BCtz-61a8165a/
XignSys GmbH,,https://www.linkedin.com/company/xignsys/
XignSys GmbH,Pascal Manaras,https://www.linkedin.com/in/pascal-manaras-98098b172/
XignSys GmbH,Markus Christian Hertlein,https://www.linkedin.com/in/markus-hertlein/
Lost and Found Software,,https://www.linkedin.com/company/lostandfoundsoftware/
Lost and Found Software,Markus Schaarschmidt,https://www.linkedin.com/in/markusschaarschmidt/
Zolitron - The Internet of Things Company,,https://www.linkedin.com/company/zolitron/
Zolitron - The Internet of Things Company,Arndt-Hendrik Zinn,https://www.linkedin.com/in/dr-arndt-hendrik-zinn-b85194141/
